dataset,noShift,shifted
cnn,0.8270974614515395,0.8206567833736792
color,0.6504661085431354,0.6463559387819999
deblur,0.6085699221703335,0.610000006838749
frameinterp,0.6215042430134017,0.6171610226175921
superres,0.7105287457517758,0.709036483508298
traditional,0.769364410986082,0.7701694959679902
