dataset,noShift,shifted
cnn,0.8270974614515395,0.8155296645805997
color,0.6504661085431354,0.6415678031679433
deblur,0.6085699221703335,0.6074576338721533
frameinterp,0.6215042430134017,0.6139830565711452
superres,0.7105287457517758,0.7056374414058714
traditional,0.769364410986082,0.7680508518717805
